<?xml version="1.0" encoding="UTF-8"?>
<?xml-model href="http://www.tei-c.org/release/xml/tei/custom/schema/relaxng/tei_ms.rng" type="application/xml" schematypens="http://relaxng.org/ns/structure/1.0"?>
<?xml-model href="http://www.tei-c.org/release/xml/tei/custom/schema/relaxng/tei_ms.rng" type="application/xml"
	schematypens="http://purl.oclc.org/dsdl/schematron"?>
<TEI xmlns="http://www.tei-c.org/ns/1.0">
  <teiHeader>
      <fileDesc>
         <titleStmt>
            <title><hi rend="italic">Transcription of a Page from Huntington MS 924</hi>
               <title level="a"><hi rend="italic">Walden Drafts</hi></title>
               <author>Henry David Thoreau</author>
               <editor>Lillian Harkins </editor>                       
               <respStmt>
                  <resp>Transcribed and Encoded By</resp>
                  <name>Lillian Harkins</name>
               </respStmt>    
         <publicationStmt>
            <p>Not for public circulations</p>
         </publicationStmt>
         <sourceDesc>
            <p>><bibl><author>Thoreau, Henry David</author> <title level="a">Walden</title>. <biblScope unit="no">Huntington MS 924</biblScope>
               <biblScope unit="vol">6</biblScope> <biblScope unit="page">165</biblScope>
               <date type="earliest" when="1853">1853</date>
               <date type="latest" when="1854">1854</date><
               <ref type="URL">https://cdm16003.contentdm.oclc.org/digital/collection/p16003coll16/id/1149</ref>
            </p>
         </sourceDesc>
      </fileDesc>
     <encodingDesc>
        <p>Transcribed from HM 924 and encoded in XML in accordance with the TEI Guidelines.</p>
     </encodingDesc>
     <profileDesc>
        <langUsage>
           <language ident="en">English</language>
        </langUsage>
     </profileDesc>
     <revisionDesc>
        <list><item><date when="2020-09-28">28 September  2020</date>Filled in header Markup in Texts</item>
           <item><date when="2020-10-04">04 October 2020</date>Corrected and added Markup in Texts </item>
  </teiHeader>
  <text>
      <body>
          <add></add>=Of Duncan Inghram esguire gentlemen of concord village who built his slave a house and gave him permission to live in Walden woods.
         Some say he was a Guinea negro.Are those who remember his little patch among the walnuts and then which he let grow up till he should be old 
         and he need them, but a younger speculator got them<add></add>  
                   <rend="different ink" "grey pencil" written underneath Thoreau writing></rend> 
                           <handShift/>"Hall of bitter old twin"<handShift/>
         <add></add>= He however occupies a narrow house, still wear satin. 
         Where the poem written pertain folks.  <add></add>  
         <listBibl>
	           <msDesc>
	              <msIdentifier>
                  <settlement>where is it</settlement>
	                 <repository>repository name</repository>
	                 <idno>identifier</idno>
               </msIdentifier>
	           </msDesc>
         </listBibl>
      </body>
  </text>
</TEI>
