<?xml version="1.0" encoding="UTF-8"?>
<?xml-model href="http://www.tei-c.org/release/xml/tei/custom/schema/relaxng/tei_lite.rng" type="application/xml" schematypens="http://relaxng.org/ns/structure/1.0"?>
<TEI xmlns="http://www.tei-c.org/ns/1.0">
  <teiHeader>
      <fileDesc>
         <titleStmt>
            <title level="m"><hi rend="italic">Transcription of a Page from Huntington MS 924</hi></title>
            <title level="a"><hi rend="italic">Walden Drafts</hi></title>
            <author>Henry David Thoreau</author>
           <editor>Amelia Boylan-Knorr</editor>
                        
            <respStmt>
               <resp>Transcribed and Encoded By</resp>
               <name>Amelia Boylan-Knorr</name>
            </respStmt>
         </titleStmt>
      
         <publicationStmt>
            <p>Not for public circulation.</p>
         </publicationStmt>
         
         <sourceDesc>
            <p><bibl><author>Thoreau, Henry David.</author> <title level="a">Walden; or life in the woods</title>.<biblScope unit="vol">5</biblScope>.<biblScope unit="page">165</biblScope>
               
               <date type="earliest" when="1852">1852</date><date type="latest" when="1853">1853</date>
               <ref type="URL"> https://cdm16003.contentdm.oclc.org/iiif/info/p16003coll16/898/manifest.json</ref>
                             </bibl>
            </p>
                   </sourceDesc>
      </fileDesc>
     <encodingDesc>
        <p>Transcribed from HM 924 and encoded in XML in accordance with the TEI Guidelines.</p>
     </encodingDesc>
     <profileDesc>
        <langUsage>
           <language ident="en">English</language>
        </langUsage>
     </profileDesc>
     <revisionDesc>
     <list><item><date when="2017-11-26" resp="#rnes">26 Nov 2017</date>Encoding shell drafted.</item>
        <item><date when="2020-10-03">03 October 2020</date>Filled in the header.</item>
        <item><date when="2020-10-03">03 October 2020</date>Transcribed the text with markup to show revisions</item>
        </list>
     </revisionDesc>
  </teiHeader>
  <text>
      <body>
         <div type="volume" n="5">
            <div type="page" n="165">
               <p> <hi ana="unknownwriter">Pg.397-8</hi>
                  of Duncan <hi rend="Thoreau'stypo" cert="high">Igraham</hi> <corr type="correctspelling">Ingraham</corr> Esqu,
                  <del type="wavedline">gentleman of Concord village,</del>
                  who built his slave a house
                  and gave him permission
                  to live in Wa<ptr type="inkdip"/>lden Woods <add rend="'a'line">Cato not Uticensis but Concordinasis</add>. Some
                  say he was a Guinea negro. There
                  are those who remember his little
                  patch among the <ptr type="inkdip"/> walnuts, and
                  the tree which he let grow up
                  till he should be old and need
                  them, but a younger white <ptr type="inkdip"/>
                  speculator got them at last.<add rend="writtenbetweenlines">He too however occupies an equally narrow house at present</add>
               <add rend="penciledin"><del rend="horizontalstrikes">His</del>Cato's half obliterated cellar hole still remains though known to
               few being concealed from the traveler by a fringe of pines.
               It was filled with the smooth sumac <gap reason="illegible"></gap>and one of the earlier species of Golden rod grows there luxuriantly.</add></p>
               <p> But here by the very
                     corner of my field still nearer <ptr type="inkdip"/>
                     to town, Zilpha, colored wo-
                     man had her little house
                     where she spun linen for the 
                     townsfolk, making the
                     Walden Woods ring with her <ptr type="inkdip"/>
                     shrill singing, for she had
                     a loud and notable voice,
                     at length, in the war of
                     1812, her dwelling was set on
                     fire by <ptr type="pauseinthought" cert="low"></ptr>English soldiers, 
                     prisoners on parole,<add rend="inkedin">when she was away,</add> and
                     her cat <ptr type="startingshorthand"/> &amp; dog &amp; hens were
                     all burned up together. She
                     lead a hard life &amp; somewhat <ptr rend="thoughtcontinues" cert="high"/>
                                
                  
                 
                 
                 
                 
                 
                 
              </p>
            
            </div>
            </div>

         
      </body>
     <back>
        <p>Critical Commentary</p>
     <p> After much trial and error, I finally got the hang of how to transcribe and encode
            Thoreau's work using oXygen. Reading Thoreau's handwriting was much easier, at first,
            for me than encoding it was. After awhile, I realized that this did not have to be exact
            and to have fun with all the possibilities that I could use to code any given part of
            Thoreau's work. My professor told our class that this assignment was a form of creative
            writing. After hearing that advice, I put it in the back of my head and had fun while
            working on this final draft. </p>
        <p> You will see quite a few of the same TEI tags throughout this page. That is because I got
            comfortable using them, or because a tag that I was trying I could not figure out a way
            to make it work. The learning process made those attempts worth while though. I am glad
            that I was able to figure out how to use some different tags, such as the "pointer" tag.
            Encoding and transcribing this final draft, was a lot of fun.</p>
        <p> Now to move onto the choices I made and why. I chose to highlight the "Pg. 397-8"
            because we learned in class that Thoreau himself actually did not number his own pages.
            Looking at his 8 in "1892," further down the page, also shows that his was much thinner
            than the one at the top of the page. So, that felt necessary to bring attention to.
            Next, there is a mess of adding and deleting right after that. I highlighted the
            incorrect spelling of a name, and added the correct spelling afterwards. Next, Thoreau
            had drawn a penciled line through, "gentleman of Concord village" so I had that deleted.
            The fact that he came back and crossed it out with pencil, albeit a using a light hand,
            he still tried to cross out the work. </p>
        <p> All that was added after that, he also wrote in pencil. This was how I was able to tell
            that he came back and added to his original work. Also taking note of the points in
            which he dipped his ink pen but continued writing the sentences, tells me that he wrote
            this page in one sitting. There was a point in the middle, where he wrote "English,"
            that had a dark splotch at the beginning of him writing it. This was not a point where
            he would have needed to re-dip, and the ink before and after it was the same
            consistency. This told me that Thoreau paused. Whether he had a change in thought,
            hesitated about his word choice, or was distracted by an outside force, like the sound
            of a bird sqwaking outside of his door, is unknown. It looks as though, he continued
            writing without actually lifting the pen, hence the heavily darkened splotch, that he
            was reconsidering his word choice. Finally, the "pointer" points were all spaces that 
            Thoreau needed to dip his pen to continue writing. This shows readers of his original 
            work, that he wrote this page in one sitting. The pencil he came in with later, tells
            us that that he was editing his previous, instant, thought process.  </p>
        <p> The easiest way for me to understand Thoreau's writing process was for me to try writing his
            work myself. I took out a sheet of paper and would try copying his handwriting whenever I was 
            having a hard time making a word out. This helped me realize how he wrote his lowercase "s". 
            It also gave me a sense of appreciation for how much time it took Thoreau to write his novel. 
            Having to constantly re-dip the pen, how careful he had to be to avoid spelling errors that 
            he would need to write over to correct, him going back to edit his work with a pencil, the use 
            of different colored inks. There is a true sense of dedication to the length of Walden, and to 
            each individual page Thoreau wrote. </p>
        
     </back>
  </text>
</TEI>